<?xml version="1.0" standalone="yes"?>  <DATAPACKET Version="2.0"><METADATA><FIELDS><FIELD attrname="IntField" fieldtype="i4"/><FIELD attrname="StrField" fieldtype="string" WIDTH="20"/></FIELDS><PARAMS CHANGE_LOG="1 0 4 2 0 4 3 0 4 4 0 4 5 1 8 6 2 8 7 3 8 8 4 8"/></PARAMS></METADATA><ROWDATA><ROW RowState="5" IntField="1"/><ROW RowState="5" IntField="2"/><ROW RowState="5" IntField="3"/><ROW RowState="5" IntField="4"/><ROW RowState="12" IntField="1" StrField="aaa"/><ROW RowState="12" IntField="2" StrField="sss"/><ROW RowState="12" IntField="3" StrField="ddd"/><ROW RowState="12" IntField="4" StrField="ggg"/></ROWDATA></DATAPACKET>